x1,x2,y
-1.38578868609747,9.13146361219271,0
-2.2369033804877216,5.561178031319882,0
-2.362523796919693,5.215972897390745,0
-0.4996550076334847,4.981781329058701,0
-2.97606209785695,6.236138357296045,0
-0.20892891667402425,3.117022390247655,0
-1.3351596349014985,3.606174472966836,0
-2.8036965252957504,5.462392938277286,0
-1.6403131592781144,4.630915452543108,0
-3.359868333395659,2.2173348551047356,0
-2.4666993431001587,5.973867252262151,0
-1.0784498358386265,4.630334268276022,0
-1.1157229504707185,4.738325833478891,0
-0.7110680402352889,5.030987925934799,0
-0.7391343768273158,5.940460795688791,0
-1.1290327087942558,5.5158588241406195,0
-1.9169556036663402,3.0404833258576103,0
-0.5408593842568195,4.851253057912993,0
-1.9169138837808424,3.092744236933672,0
-2.3256339689158354,5.170050420148529,0
0.3228787595948699,6.942123992173324,0
-2.3627210503739,5.063497077116541,0
-3.5334084616515793,7.182689261750611,0
-3.298434427342129,5.2153874481389275,0
-3.7176803939461416,4.052071815786825,0
-2.9479602853565483,6.018101337226793,0
-1.2177233146140363,6.495473696534307,0
-2.064061762447267,6.955840401522003,0
-3.0556696102355705,5.574238425403261,0
-0.2752672581457509,4.71267999448588,0
-2.6478741650600592,5.2322991093746225,0
-4.978449781445125,2.1879053952553367,0
-1.6105350979199513,7.625211506192136,0
-2.62472245218167,0.5815659645874085,0
-2.390002030607966,6.0820428604925905,0
-1.5915855121760782,7.2772787410655155,0
-2.7768496158275404,4.228679904711847,0
-2.2249447518091325,6.955042439566598,0
-4.427577856288803,5.5131929502099135,0
-2.3750210383134167,4.452757089710979,0
-0.35086452741265295,3.7961297071441313,0
-2.071702288137888,7.337246026904808,0
-3.6222729430657656,4.917854945228944,0
-2.833141034040584,3.4321549899318695,0
-1.68715599074306,7.813692385649658,0
-2.5745233890794204,3.6454160402119022,0
-1.1664608832255698,5.30039954495853,0
-4.002130947381149,3.924261003213797,0
-1.779328601639914,5.216660067181471,0
-1.2756764700420247,4.645892091207205,0
-1.381234650537956,7.272971106914059,0
-4.6697517631447125,3.9480270432774254,0
-1.3091479057554514,6.899786041926774,0
-2.1224005105994705,7.485691173750878,0
-2.413126105540826,7.4734603599429,0
-1.8437591173545138,4.760477679314374,0
-2.271573910457695,2.459127058729407,0
-1.8825773894860458,5.9810655417033125,0
-2.5373475057150303,5.260372544311807,0
-1.2557374164897097,4.880155064780999,0
-1.7699221103264087,4.702509933429827,0
0.16722874238342866,5.435060917535837,0
-0.864142267451727,7.199419218808453,0
-2.1979688389072702,3.4185888993669717,0
-1.869591481794589,6.2890951671188935,0
-3.6076432832155527,3.566298277773981,0
-1.7133612750907434,5.390757957740876,0
-2.044310837510829,4.127724429177382,0
-0.42975948838069034,4.5168333069516,0
-1.0857450721023327,4.030005130350251,0
-0.8640880944206883,5.6916132302442755,0
-0.9911477503397743,3.6957703024127504,0
-0.6128708407389427,4.953873913235281,0
-3.7205038942878454,2.6597905801628037,0
-1.4045234431352975,4.084775809019858,0
-3.8775229413564887,3.6480036639332636,0
-2.568368705811452,6.017629361869408,0
-2.0385448684175644,2.5890615928125995,0
-2.6898697676656176,3.5833845364647843,0
-0.6982513448703263,4.778947508889621,0
-3.043435429971634,6.098222438658169,0
-2.499423953231722,5.367827453676611,0
-2.984704828802359,4.321262878591025,0
-1.7044494552018317,4.57564155143587,0
-1.282551421472108,5.162786080532451,0
-0.32306850285996336,4.565709090119721,0
-2.8747404118439883,5.431127605187506,0
-2.7040475742148553,3.2606894530974677,0
-3.2274426387936854,5.739302280898321,0
-2.0670201320967334,7.216610059820862,0
-0.9167949044107007,5.883099317192151,0
-1.2469159070595766,6.017963607104891,0
-2.74935959579196,5.990570518993049,0
-2.3509715631265427,4.137270204885266,0
-1.7927578636112107,5.296869191239626,0
-1.944778517143268,7.1739616422010215,0
0.010045032348914962,4.309598688247026,0
-1.7337650807215768,4.6548480497095275,0
-3.5976227001723116,5.810359133913337,0
-0.5906434034784567,7.586032778427997,0
-2.2019170576600615,4.244906673772373,0
-1.460889322648668,7.897522808478702,0
-1.0251679228725112,5.7138695774489445,0
-3.4968986011237586,4.584117591971908,0
-0.9606658123980387,5.086884042773445,0
-2.411521772365893,2.8650081343500498,0
-2.709692004491073,6.148957968985377,0
-0.5304009370814629,4.506296794487321,0
-2.112835092988361,2.7920362990631515,0
-2.982055112691552,6.1157679632438695,0
-1.6813526020451521,5.066880600191496,0
-1.9335551510492077,3.95887597065676,0
-1.6802841476545156,5.326115408151801,0
-2.4597169438500828,2.974246350747295,0
-1.1569419070856157,3.9695669045011654,0
-2.1686123649720193,4.465854846928358,0
-1.0760860169808828,4.8141319191882035,0
-2.382525061385974,4.607730453110233,0
-2.5428302319712377,6.525198497722285,0
-1.0049390724191838,8.188365961346367,0
-3.0090819074784765,5.166848862164099,0
-3.222512585187082,4.761938249726525,0
-1.3458535774254177,6.868019559554322,0
-4.03438207005671,5.126399288911327,0
-1.2356568174527172,5.487160142740443,0
-1.7782390755349917,5.769639055920677,0
-3.1120682662645702,6.4518000965782525,0
0.9568797641694897,7.350096197151137,0
-2.4032512198022524,8.248785844140382,0
-0.5602761812499655,4.574235819759046,0
-1.0763573053826225,3.4813257271308817,0
0.3383586801325995,5.495972738266191,0
-2.6665379581340325,7.131181102067783,0
-2.530154660248333,4.292006226919828,0
-0.578723006061862,4.069838700373439,0
-1.7485881368559573,2.805140866144135,0
-1.7066223308376032,2.8712475804575,0
-1.3782780436892321,5.668983795986463,0
-1.9526181406530876,4.311326755361772,0
-1.1982380360819596,4.789183725370762,0
-1.7344225186114066,5.548630213230964,0
-1.485110324976645,3.931320707784211,0
-1.6481985753270594,6.126849674685454,0
-2.554885414838364,3.8669905163261022,0
-1.7613193262584785,5.344670594519917,0
-2.8652807555435946,6.554700897178341,0
-2.3935797993272288,5.648226468577308,0
-0.9269178746496476,4.585294512181366,0
-0.5014580852681414,3.203718548956508,0
-1.9664756502362777,7.261915405203979,0
-2.1407323418120163,6.371185332423443,0
-4.23178097789476,4.387875357852568,0
-2.969680054909638,3.3483012674942882,0
-2.3646480954047338,5.024405217143147,0
-0.2824062894166681,5.592282018835171,0
-2.0834029849738376,5.561250108020632,0
-0.028354010088684767,5.262753903746019,0
-2.090205359776314,4.969508332919137,0
-4.565541049097086,6.094107831714698,0
-2.0596177473420667,2.9714100381085142,0
-1.5881208373802775,6.086038072799486,0
-2.4271932972412027,4.805490394344853,0
-1.4945594788225494,4.025714539223673,0
-1.8797715209855987,3.830069683891896,0
-2.695503039292617,5.659356318854447,0
-1.5515966324796764,5.9099107457555675,0
-1.6166630974998695,8.463863008312446,0
-1.7947537805882985,4.148756331692622,0
-2.2351826276011106,4.625619142960541,0
-0.8451411094801027,7.833524165953679,0
-0.13352639108828024,6.297544702090553,0
-2.687272973300279,5.3871516577692855,0
-2.511891200255876,3.4123375637723328,0
-3.16012229632327,3.7247309309083705,0
-1.3104902295731664,4.669631387445077,0
-1.1628432469427,3.3274245274204173,0
-2.8283618007647235,6.2790500172329615,0
-3.27469770413716,6.543506628423551,0
-1.3362589884393614,3.315178550844183,0
-1.310084890192516,4.010431291710303,0
-0.4058754513800591,4.37178919054441,0
-1.6171062899434103,4.082228431820188,0
-2.7318762244831234,3.768652606147798,0
0.2404362808861813,5.419753329476974,0
-2.09339721444805,4.98329563816017,0
-0.7518375501765804,3.5083045178225527,0
-2.4019321877572324,3.1777827636411584,0
-2.1338245200713852,5.427408229933137,0
-0.7192201332733026,5.270336997834286,0
-2.6061121685177664,5.551703049824632,0
-1.2994224694342114,4.794233151348411,0
-2.724029147971107,3.5678155236375964,0
-1.7501309090967758,5.340055257647237,0
-0.9760187125850603,5.194699503844617,0
-0.42665732778703114,4.788700645582738,0
-2.212208387298459,5.949314238726147,0
-1.9270880068138787,3.4794578986599958,0
-3.3716916948207727,6.487773119779587,0
-2.5372527642987732,3.4255701743781706,0
-3.205504473289289,5.408485114963722,0
-2.091600242960314,5.178095796322244,0
-2.884970859759618,3.2460714938405317,0
-2.248919432420228,3.6731466309629344,0
-0.9076340501780202,5.148094581169416,0
-3.0931472697362477,4.19029901691966,0
-1.3855901517323577,3.895926837050588,0
-2.3887971959851755,3.568724210403982,0
-1.1395285897137926,5.84228100448882,0
-0.5745149830368992,5.1035151846051345,0
-1.8557965250887505,4.620020600254952,0
-2.1159947676639432,3.1117787033383477,0
-2.336522915021223,4.09434056797333,0
-1.81464506629764,2.5452556810971725,0
-3.541079172532437,3.7239573174731166,0
-0.6756286118284072,4.325657551397449,0
-1.392605705084132,6.163166891953715,0
-2.27435312575002,2.903212956478999,0
-1.9773767729585596,2.645338129687541,0
-2.828928263650149,4.089124876711343,0
-1.3964134371997918,2.623827328521196,0
-1.4385630537883598,6.285283398452529,0
-1.6996838142931128,6.691592624600682,0
-2.895766227004082,7.150470366453161,0
-1.3714541417814343,3.055992022489713,0
-2.5789779478201673,4.61167159298414,0
-3.4194675621197783,4.134433209519696,0
-2.168093747734368,1.8363303113610367,0
-0.2577132787594367,6.182466398947266,0
-2.2953039227158114,4.144088722364289,0
-1.0990252836858345,5.124560401733196,0
-1.3847696045579028,5.370389000200721,0
-4.192411125034626,4.0362790942129925,0
-2.6837346257583574,8.581985484083106,0
-3.7034424235109844,2.480172586540651,0
-2.2188492673519744,2.6608328920625275,0
-2.0079581205460952,6.49942929428948,0
-2.6658576192183885,5.591407315188912,0
-1.3372236155780899,4.57938356193148,0
-1.6620495426030901,6.868040622120145,0
-1.529867103448188,5.6134233348825635,0
-1.5142657315224228,6.353236523923825,0
-1.5676954049088987,4.331100616078716,0
-0.858201710694594,4.450389378185452,0
-2.8109130799888167,4.13375908346858,0
-2.695112572681242,3.136260286098896,0
-1.5663568805130077,4.355610568520977,0
-1.5275741815823038,2.9962978810933154,0
-2.3590613094488044,7.043921961829536,0
-1.6542571255609921,6.01233974442001,0
-1.821307943821602,6.067382413582763,0
-2.1454886615790905,4.790104185319903,0
-0.7864196826951777,7.452194917666468,0
-3.546801300035693,5.2187780302896405,0
-2.5249128682007287,6.851165312531773,0
-1.9482142164623966,2.138566464326383,0
-2.300796378517007,5.500138115953441,0
-0.6580307223310609,6.040365501459496,0
-3.659187892545946,5.0990776493851415,0
-2.4900546491486124,5.850490772315561,0
-1.6600373991418724,6.120558079014998,0
-1.4904472061209635,5.336324042871489,0
-3.252491869969086,1.4977387192119562,0
-2.4095320676693985,6.522862645645439,0
-1.9288952113515752,2.957675974248857,0
-2.0862575903249994,6.036922715544239,0
-1.8362638945285887,3.949056629008592,0
-2.6430549710845446,5.468184462409298,0
-2.35401536420664,6.881099508819796,0
-2.162277110002891,5.88560336195851,0
-1.6882003883756207,5.695639833973226,0
-0.9282085383534284,3.947182169785168,0
-2.4518906388260877,5.304823633870653,0
-2.5547058416375226,5.3728320576682655,0
-3.0792558905471576,5.291371931870255,0
-3.0235922552724235,6.4797631059276775,0
-2.820675725383973,3.4712496685097713,0
-2.0196229478960515,3.8481598538218353,0
-1.5375010026147424,3.89048210081525,0
-2.50191254864819,5.759067874037514,0
-2.727777028321814,2.6454326057159383,0
-1.7183621178285855,4.107782858819962,0
-2.098382098771382,5.1801158494668,0
-1.343414005003583,4.881468896331896,0
-1.1363097991785474,2.0565993901887403,0
-2.4509211985933974,4.346206107389888,0
-1.1168161240526662,5.251696507406394,0
-2.6549379486361464,6.195752126373611,0
-0.8558994900216637,4.76827372411088,0
-2.2320931285896477,3.7920839923290215,0
-2.0151049400036976,5.291822907765597,0
-2.6650629113789326,3.811083935124252,0
-2.1594361698223983,5.767965815651145,0
-1.7336345568048146,3.8228883066020534,0
-2.2316850883134975,4.908107602338336,0
-1.1679128217444696,0.5464092574269124,0
-2.478066466146979,8.13327890620527,0
-0.5013658634512432,5.159840683018792,0
-2.2151355397142654,5.13184630665373,0
-1.1556868413936405,4.75264064654989,0
-2.680051353149122,6.158186302009612,0
-1.9151570919706402,1.1343183354036253,0
-2.970320852096876,3.0050251843702678,0
-1.7761896279080074,4.841777566607995,0
-1.9836556562966412,4.7287347408785,0
-2.81945670493063,5.252686227441804,0
-0.260889007429973,6.520510764864698,0
-1.019207035808126,4.742498286300501,0
-2.021973214637833,3.292079895528751,0
-0.7982175796859836,7.003423440676515,0
-1.3919773990463096,5.041098672704662,0
-2.6063341571526877,1.236866477070747,0
-2.099048447426928,4.52667919116378,0
-1.8937404004736842,4.467479798839032,0
-2.0024729758222573,4.5256774015049634,0
-1.5743666726664929,4.076756198585925,0
-0.6565509989382672,6.26849232943448,0
-1.7920706678263105,3.592456829863595,0
-1.3546191181904024,7.64435369871342,0
-1.9583858558158325,2.97350069642955,0
-1.0744695144753136,4.567286870619086,0
-2.1292842808599657,4.513318245418882,0
-2.5601056109902496,6.292655464128347,0
-3.4300605454037862,3.907111920597195,0
-3.6051484664333664,3.909848821698616,0
-4.279253432879164,4.725118429858819,0
-2.856113844823554,2.272267517982129,0
-1.6114819983621613,3.761765311215391,0
-1.8262809532211244,6.158496153164118,0
-3.087779153261894,6.243979070455771,0
-1.9741469414143744,5.72895267868104,0
-2.70473360410174,6.249353790471693,0
-1.9062380792145484,5.33499792393021,0
-1.8932550275951292,4.2292838798568395,0
-2.3176565518218113,4.164387868847557,0
-1.1519349020639746,5.684292249747805,0
-3.5134331119597686,3.9710953901985393,0
-2.15002228861776,3.4856861455077413,0
-1.905258911259996,6.212160004587787,0
-0.6469451151954635,5.2338580465061195,0
-1.714099403287451,4.643771016029096,0
-1.6462244768719456,3.9748177654710375,0
-1.2823417409613964,4.782886549771047,0
-2.8328685182174542,4.390664749543709,0
-0.5585634303714913,6.804407064573377,0
-3.4326751372181388,4.739602155605669,0
-2.7300061937952265,7.811712063389462,0
-1.8160730558768632,5.6235275775378675,0
-0.9796569407404914,1.824036739310046,0
-2.335264611875416,4.429742768485575,0
1.264742040959416,3.7989833212431243,0
-0.26908829411388213,4.280371070890663,0
-1.9398933045009161,4.96902831385622,0
-3.0450285880254624,4.301894754128046,0
-3.224722226094701,5.524022677402463,0
-1.564359519163533,3.7375053936527487,0
-2.2745910374787193,6.011718497060345,0
-2.2017427174485733,5.952259302716655,0
-0.9329959456926817,5.111753954959673,0
-4.245869333745713,5.650664958862319,0
-0.8212110525639604,4.717271654051812,0
-3.5086909329633844,4.511444845261983,0
-1.1354625375236553,3.7646938732323907,0
-2.6016687426693155,3.6503008145533,0
-3.49960409214167,5.06436679933437,0
-2.0612811614345103,4.2033546459994415,0
-1.3988672115442031,4.69790145818388,0
-3.689997710092946,3.1249272647045854,0
-0.6089498994426368,7.266953712663324,0
-2.819541928237783,6.246987464275454,0
-3.2972827796701694,7.546207440206404,0
-3.438981175623674,0.416253237507739,0
-2.64018298433764,2.5267676903211593,0
-1.5646010080971635,6.698385523449664,0
-2.535840358131483,3.5122193714068364,0
-1.4130454069329077,5.23106064916001,0
-3.4979808059082815,3.7795229835630386,0
-3.3251846217989973,4.59660586711007,0
-1.9830034486667714,4.707985486772012,0
-1.9152623434115794,5.823798423624348,0
-2.358431712170122,3.4179608017882,0
-1.965777120831414,5.772490071747436,0
0.2773193689701321,4.923456103491553,0
-0.9308490645441827,3.713194382113043,0
-3.3494620168927765,4.243847866202234,0
-1.8473159977390612,6.52100847902555,0
-0.506637417661856,4.640221541061153,0
-0.24753327389881719,6.050017220910342,0
-1.391579803274693,5.6989787626911905,0
-2.0586969150230234,4.11958387639977,0
-3.4446201128391896,6.416719942256086,0
-1.5864198224368757,3.335678675199105,0
-1.178170622524044,4.548757978866097,0
-3.329911771710889,4.6231112901702645,0
-2.0017175822993925,5.654900258254658,0
-1.0122987656248181,6.186931340238342,0
-3.642066585010641,5.946152329388455,0
0.09128255968673304,6.7549448299493715,0
0.007907530132143847,8.251985849216357,0
-1.8627689497239737,1.8561474722276712,0
-2.2009973407977688,5.3761556725347734,0
-2.540068499605406,6.281678373713855,0
-1.2378921520528767,5.4481618819956035,0
-1.0646309341683506,8.060147756417557,0
-1.3421791062992061,3.0566286892104975,0
-2.819157307899194,6.097011085019797,0
-2.2731725442065307,3.463549925507885,0
-1.8440368394874038,4.344095837639439,0
0.20520450651797306,5.771671689057973,0
-0.9306608040203006,5.815589398631713,0
-2.2098615843993064,6.506720474414982,0
-3.6201948994000497,6.141969752321534,0
-2.167005753819322,7.455846415214909,0
-1.4608455066226615,3.5514199733139655,0
-1.992177203066737,4.757579225631687,0
-1.9013169796775573,3.157970079106835,0
-1.0529281416881817,3.455321103420954,0
-0.6906951103711461,6.955581215941311,0
-3.435259541572307,2.074756981446337,0
-1.0397602400751844,4.605966596168347,0
1.3779378544811385,4.985866185378017,0
-1.6448621049168646,5.47942951308821,0
-1.8814217279568106,5.75016684810268,0
-1.5607134052621847,4.271218987595031,0
-4.171734147778583,2.4946274029697313,0
-3.7354217415319138,4.563725253466799,0
-2.6598598796369743,4.4915637912483195,0
-2.2673495520147564,2.9167481280603305,0
-0.9160272504578173,3.592315835785345,0
-0.6231098544825917,8.64684571358941,0
-2.403233226585234,4.314154321588704,0
-0.6072841462289555,5.89899137956343,0
0.3673430426604565,5.1432964682673585,0
-1.9748447183552398,5.86116814928429,0
-0.9907071246093258,8.972034345882754,0
-2.8250222371018445,6.5134639542589685,0
-0.24536822887084053,7.657289373135521,0
-1.3941797054315712,6.97335628665086,0
0.007587607493583448,3.866817579197754,0
-2.4575288753214286,3.2915838398895696,0
-3.446526117289405,4.050483054618507,0
-1.7762736383589015,6.277157453151312,0
-0.6527088244914012,3.0509380621269626,0
-3.135289498023272,4.359081788111384,0
-1.6352448934445905,6.640032371332009,0
-2.148768841757503,5.178152952579549,0
-2.044456116006776,6.25510630983472,0
-4.0241162130233255,5.469478880110278,0
-0.7507510140966878,3.336905726186235,0
-2.4781892475639484,5.677943403580245,0
0.5442244696822813,5.07081104463365,0
-2.1491877147491176,5.7853354889539474,0
-2.1908305984115684,5.213081122101212,0
-0.35772295787129815,6.377546803292251,0
-0.793902345830835,6.2355776993757726,0
-4.117810092528268,5.525154884869139,0
-2.2457296870020995,4.436006403667226,0
-1.7813146977252152,6.473916358842898,0
-1.3679798004474653,5.549126443247022,0
-1.1407574471472923,4.40467907792504,0
-0.8984274342248595,3.604745341412764,0
-1.6442425661232962,3.15960926715319,0
-1.921401035471637,5.013059977947544,0
-1.0902930495370178,9.002620701988246,0
-1.5367091117864842,2.944452017623642,0
-2.5523618594175734,4.514367799196261,0
-3.0760528117724713,7.48215954999819,0
-3.0871749949395815,5.137775127046973,0
-1.7100498092214296,6.267992986156646,0
-2.2934058626612472,3.531939217779277,0
-0.3797168722771167,4.772275800789092,0
-2.875867786316011,7.7725807787267325,0
-0.8403082246261551,5.949408798036294,0
-2.4028202033348,4.954239757090153,0
-1.6332234423124656,3.9343488127840702,0
-2.3543522175325435,5.619281198561132,0
-4.071287124567818,4.876533264112562,0
-0.510963984755145,5.702239904334437,0
-2.1082182041456257,3.6649405034237326,0
-1.1383896758452354,6.024454241295636,0
-2.4694201577399135,5.817732058329439,0
-2.680169584591834,4.702961930761074,0
-3.020982825515887,8.90992494221172,0
-2.4840351470040614,3.859396497044286,0
-1.3070737196720565,3.0157212513847593,0
-1.411309098507651,4.646684155010353,0
-2.0576578245999313,4.316131170881585,0
-2.4851168862015114,4.604894639202725,0
-3.607769014269601,4.6558685709385115,0
-1.177969259399826,4.8256077298393425,0
-2.7214247184078464,6.134680193338557,0
-2.328410097989289,2.101554384825937,0
-2.233487402274161,5.934390834220783,0
-1.3648968959372199,4.878551036326407,0
-0.3939374138544298,6.229156518840426,0
-1.844893222888566,4.276810746794341,0
-1.7058686889667078,7.116522401691455,0
-1.7383306920152573,6.609304531799944,0
-1.582088631595852,3.232986780206673,0
-2.6984141828098767,6.101135717799522,0
-0.29699154775882586,3.458800644833679,0
-3.1299623424495815,7.759885840396504,1
-3.9581581987691026,8.15205979600809,1
-3.0310558623022565,10.307782310363578,1
-2.7444337891716177,8.3379257669975,1
-3.5680614943441515,8.521739097985687,1
-4.599404362212754,9.502781750129248,1
-4.936727974523573,9.272493581688641,1
-5.171620577915727,10.015593939876794,1
-2.4799683893707716,10.2897041400853,1
-4.128194175563715,8.973186471615291,1
-2.6562483199497304,10.254987835936554,1
-4.0304352485312345,9.374401663281397,1
-5.064872757915935,6.6974808744661765,1
-3.1031117795067673,7.718616489118093,1
-4.707105967998476,9.375416956302569,1
-5.044828360698789,9.193598867630532,1
-3.610963813173408,9.649144863275518,1
-4.159398396752539,7.313717896179876,1
-4.860725773862051,8.235901556975824,1
-3.2346973287314134,6.11946070913286,1
-4.304793521412451,7.2901078186787185,1
-5.029832549432258,8.243810691997757,1
-3.0474290600166456,8.495044859680943,1
-5.408677325085181,7.72687797097441,1
-2.482353046728687,10.574206908365138,1
-5.012903522691614,8.15148828170607,1
-4.396132304850854,9.253026298701968,1
-4.254689130954871,8.339810386811788,1
-4.758571772338692,9.787786330472144,1
-5.74506850238585,8.679220208588285,1
-3.6680244377331706,8.479080741061479,1
-4.423703708563463,10.71091536312147,1
-4.384336381837865,9.946037065153973,1
-3.229240799580027,10.046130361359868,1
-3.6489292249566985,10.647844860109045,1
-3.0735706100841664,7.961987779326497,1
-3.543138753811386,8.968907026674279,1
-3.462265393660967,9.136173778762197,1
-4.856846957788697,8.076658983737524,1
-4.227004870550182,8.848910256991948,1
-4.000042885746988,8.1513704707723,1
-1.161354898220678,9.613279778529858,1
-4.248097938363765,7.149332463096582,1
-2.1653527791209792,8.811905960367104,1
-2.0655595793529846,12.26570044196035,1
-3.37211122516066,8.232632423364377,1
-3.356272489121752,9.16353167727767,1
-3.7671517715028684,4.032165658049313,1
-3.192244013183239,7.437230515379728,1
-2.8435483837515534,9.110583031769094,1
-4.275672850797049,8.761002765486788,1
-3.835424509609538,7.924777883208721,1
-4.88858540515502,8.542245923396486,1
-3.7861753575179904,7.821928352578787,1
-3.276851253398225,7.137024606724035,1
-2.8001630329394045,10.570850684892203,1
-3.682441533313611,8.291534279842248,1
-4.267737012720813,4.549343371792386,1
-3.9605881326098022,8.662203819600984,1
-2.8969304289964937,9.462954608803695,1
-4.041185504001458,8.470441916932756,1
-2.0100866439628122,9.946976283091928,1
-3.7496686870309235,12.17083439375946,1
-2.1249175605544446,7.959588217569051,1
-5.182597935199853,9.269755472173575,1
-4.427272241122713,8.923245382836877,1
-5.8161405719510455,11.797720312999516,1
-4.447026412187101,8.502811359523424,1
-3.5221718043126806,9.793816230354759,1
-5.336622361691639,10.597295422503578,1
-4.029027920497392,9.57716076449892,1
-2.9005978255160825,9.03264329640968,1
-5.405806254856358,11.450571282957211,1
-5.318305387700473,8.495560512742655,1
-2.817116470789382,9.753092233720823,1
-3.9796130400876124,8.430108256155096,1
-4.025313088473043,9.243884280037918,1
-2.40546185944127,10.910119855781671,1
-3.8887196501507386,9.284141335061339,1
-5.139381656467952,10.638773114430242,1
-3.913075561622453,9.285793095389439,1
-3.0852205376065496,7.978043207222245,1
-3.430795945014632,9.319621012834817,1
-3.4655409907975745,7.292390498079018,1
-2.8595067920648987,9.065374277348697,1
-3.9602227175964817,10.066890466895014,1
-4.4335570464743626,9.478098029853571,1
-4.2642359754501244,10.964129027336185,1
-4.502706547677292,7.015662611292861,1
-5.126899351073146,6.462411916193753,1
-3.373937767199494,9.525492300700023,1
-4.021091901896342,8.959130813778229,1
-3.5511045734668563,9.05499515918699,1
-5.345761221999677,6.84510663106314,1
-4.059502222643119,10.575294196250383,1
-4.374664605065443,9.063125747877576,1
-4.666929535646285,9.573151641406167,1
-3.298524967354046,11.57833858905196,1
-4.844972625129832,8.032113158049409,1
-2.419505513497057,8.656990700562929,1
-3.144990493359485,10.605435104944402,1
-4.6467705364923475,9.371078100683393,1
-2.8332046364823134,7.090037780344053,1
-2.9958960535580506,7.62624873517489,1
-5.096368928819382,9.047742746318336,1
-3.430151196203053,8.883592186792594,1
-5.3226930669775,9.817678142529743,1
-3.4993111110837316,9.969387778882904,1
-3.7123179668174995,8.971798228821564,1
-3.7250088288075442,8.268052035005297,1
-4.6530828253961785,9.204358873948118,1
-4.547678286783386,6.758489784428653,1
-5.442983132650378,9.672322559409867,1
-4.973326002507745,8.387235996425195,1
-7.659202624225244,8.13312936691001,1
-2.441442213741041,9.329231991701727,1
-5.949248022069787,9.503588543125058,1
-4.280735273469457,9.066202558403468,1
-5.831390611701627,10.109832681213945,1
-4.879535689691587,9.770255860616698,1
-4.214327121863463,9.773265039541858,1
-4.4955885741376465,9.995398618639317,1
-2.316255364495571,8.422899700099434,1
-5.855325376576134,8.013299779641457,1
-4.363702897729755,7.39516007495664,1
-4.680783107455107,10.544203768911906,1
-5.0859370801742205,10.55651123119458,1
-4.242570429194772,9.728175205891043,1
-3.605467633622582,5.800061042908979,1
-3.501498612483313,9.448468702816529,1
-2.940896629984975,10.573553162742007,1
-2.868727948604543,9.509852780221541,1
-3.85926857146472,8.214398177007588,1
-4.615187304926725,10.163927429491842,1
-3.7274641841337504,8.451757035917169,1
-4.673697420926743,9.570708974069321,1
-5.571906151735444,10.574796364341458,1
-3.9223027718078294,10.101371104470216,1
-2.6553492938404144,9.7458799026852,1
-3.5130510605904064,10.173959666266235,1
-2.6920754441751793,11.125454059509787,1
-3.515405292299914,9.607555646096788,1
-5.559516186104458,10.20477499544576,1
-4.7041130284634285,7.4714784889306625,1
-3.5080552137880936,10.899161661402932,1
-5.417481095493054,10.88355618324835,1
-2.2437180376209858,10.118393130200461,1
-4.171863611408718,8.495504618387619,1
-5.2537365645038205,9.62014153825465,1
-3.7029861725159656,6.624842087241471,1
-5.8161634534907325,7.722211176879773,1
-4.1744380235473315,8.53344210088823,1
-4.6674704206972635,10.429929321408938,1
-5.789943050776806,7.890854547169624,1
-3.2805555221740885,8.265773291390252,1
-1.694609258526088,8.107137373397325,1
-3.4482693542001615,9.963264014788615,1
-5.570134863125247,8.007044524526819,1
-4.861794809373277,8.344996468451093,1
-5.445621527108535,7.596931411699172,1
-3.9053305256562867,8.434534982102704,1
-3.4534432357842353,9.270824518683545,1
-5.01676584123821,10.93140435912868,1
-4.137943128676294,6.807962326836193,1
-3.8160703569315104,8.043436917126716,1
-3.961267023989912,10.670164370419633,1
-4.020888319728381,8.864595374567639,1
-5.7122206986081405,10.380700786399808,1
-5.388481010832232,11.613457339312209,1
-4.658367064521039,7.167192483479484,1
-3.2076865349665473,7.96222656655944,1
-2.0108250439071833,11.695713530269442,1
-3.8358825946500232,7.6997907401388135,1
-2.465355776283726,9.95893625367337,1
-4.513096720004432,9.02029486654966,1
-3.8343949041878007,7.425254557233254,1
-5.117376207847722,9.702336248352747,1
-4.341675917031697,6.65098215694684,1
-4.839914641430922,8.289625244830518,1
-4.474467756897755,8.763519408039672,1
-4.529867346422845,8.541116615618083,1
-4.00403876228141,9.593737132404893,1
-2.56579442117436,9.836395219651088,1
-4.652824127309837,7.29998266006764,1
-5.019651567263002,8.16833671249971,1
-3.3210535224555726,9.409809369980941,1
-4.481644745968616,6.92675149943479,1
-3.0416569192709075,9.430245754713512,1
-5.3507444820111765,9.957214809831248,1
-2.356606583339987,9.932626770599422,1
-2.8179516298567693,9.528751239043627,1
-5.687387474500566,6.539433605525787,1
-3.28694552890038,8.939962243144777,1
-4.362862829987219,9.787993444361904,1
-4.85384905770359,8.545124133199442,1
-4.138638218673583,8.98589794482825,1
-5.10027777507238,7.669984003074604,1
-4.706045381734984,9.037909315503734,1
-4.264015347875983,10.24309369320874,1
-2.9464989920114695,7.264687883499135,1
-3.3090173523547373,6.670989965867723,1
-5.728437960484341,10.104637286496995,1
-5.4718050219166825,10.740320714961824,1
-4.095808877657396,7.129648314924507,1
-3.5234831513079667,8.402219960286113,1
-3.0900070901579477,7.033812685878806,1
-4.844784395911779,8.756065799788097,1
-4.207309815527958,8.753212500194435,1
-3.288638679024131,9.701366820997258,1
-2.4578546189667465,9.366772486594076,1
-4.24421586289801,8.141189059437231,1
-2.749828621356622,9.283194989146711,1
-4.481409517501039,7.3789050112363626,1
-2.5260666175862636,9.969974929406012,1
-3.844167959679902,10.437710679455623,1
-5.21805959082085,10.15587239728189,1
-3.7376491542720878,8.214608770418513,1
-3.8987670696958547,8.64930311853411,1
-4.897293473184568,8.852063363451439,1
-3.7892790289460545,10.53521616555284,1
-5.006763387446841,9.568551186855242,1
-2.8926039482281842,8.925292753500278,1
-3.4059434683615506,11.485553935337988,1
-3.08707197888774,9.727246192724529,1
-3.2364836923453284,8.225765077569184,1
-3.0389933343061344,8.776017912127205,1
-2.7721490118384855,8.70405959506686,1
-3.8731551635761905,8.638312595454993,1
-5.087759423502617,8.918995571599115,1
-4.949175581572748,8.065115922295833,1
-4.358232821573054,7.0116234645438125,1
-3.4129899526748013,5.961621554026117,1
-2.189940084548975,10.943848203347661,1
-4.233496866665857,8.87676813928866,1
-5.88978257424478,11.922610069347503,1
-4.063842843323425,6.26708496857912,1
-4.945392950856223,8.342851142321091,1
-3.2990178115970465,10.547075743500857,1
-5.348448783510232,7.5814792978603975,1
-3.4356820614429835,7.9485100728545595,1
-4.013724998227744,10.130616313149137,1
-4.222422040619978,11.590294764406652,1
-5.632876107480224,9.512194926906803,1
-3.224962422949359,8.700694029471059,1
-3.4426616956297798,11.78124337469379,1
-3.7596146975006013,9.256956604170766,1
-4.900542608009237,6.752396578085168,1
-4.881027375988346,9.500275125355884,1
-3.43583463077982,7.669384469308456,1
-6.292324610123504,7.072156011343765,1
-3.6455484276548002,9.390163629152923,1
-5.162672697725757,8.593992381109153,1
-5.10045346493084,8.856007250413745,1
-1.9509059292476132,9.022804276508161,1
-3.836983949584039,10.925188103614294,1
-3.653580187354552,9.758760390762497,1
-5.217928465624601,7.3011317059654175,1
-2.7325556641751567,8.198664769349135,1
-5.679990177240046,10.226007921658724,1
-5.547260912506986,8.09761107694576,1
-3.2460126321363982,8.436363840658496,1
-2.9228212043882316,9.762907716788947,1
-3.628981461009597,9.503117056595293,1
-4.165809490519145,8.669058241284437,1
-4.416132224008105,6.677021028693002,1
-5.176504990918769,9.17512013040792,1
-3.756973817545787,10.20793019279821,1
-3.8067853599359873,6.572794645130802,1
-3.077718537507866,9.14605078937421,1
-3.720814258579763,8.624103870329304,1
-3.6172378925242947,8.0631423051761,1
-2.649707860381114,9.817325915079138,1
-3.8985095227337516,7.275732021136796,1
-2.7798674085113424,9.122156832825262,1
-3.889977205416536,7.959587861265104,1
-4.09430046892662,8.879211596108023,1
-3.953704071760562,9.657737993577046,1
-2.31476316279688,8.6275410557372,1
-3.3536092524595125,5.571286875330101,1
-4.240592183212495,5.760692287749658,1
-5.71181768315976,10.300873628404178,1
-4.319667234541955,8.775744411738449,1
-3.662956347119983,6.9001147698605205,1
-4.701746046466185,7.943911516458455,1
-3.7274631567989287,8.583789407583556,1
-2.89054791308485,8.770654261972691,1
-4.018426503198392,9.15131933319054,1
-3.68487570400519,8.271988065082452,1
-3.199454214622496,11.874061016350975,1
-3.6882795069695886,9.551647703603177,1
-2.584740420138517,6.432733111835588,1
-2.716030342359757,10.840292346081863,1
-5.482180381089546,7.532047845103627,1
-3.0632948803061795,9.435665647183697,1
-2.044500862155631,10.24882727771059,1
-4.470088687288714,8.150474098767608,1
-5.6106975497066305,7.2413757087623605,1
-4.297948376997359,8.916337571305395,1
-4.581869024618037,7.2279879956926845,1
-2.8604914306336053,8.697938531036543,1
-4.184478800927521,6.820784531243531,1
-3.9136710778878414,8.574889587601808,1
-2.785737914609445,11.29094553339727,1
-1.7481279348987928,6.071375773252293,1
-3.635048792846412,9.964636850951177,1
-2.6904133318723464,5.52171130663784,1
-2.0293584984908644,8.70331398734966,1
-5.571904083359224,10.381820791067854,1
-4.7535493997519875,9.655044194689603,1
-4.430297263300131,8.38043939944208,1
-2.963899595122543,12.053881502883833,1
-3.713396457624521,7.120141948955158,1
-3.3244005459089907,8.400179369647027,1
-5.062175094323179,10.230158093237478,1
-4.6431943132456786,9.931135563698556,1
-3.1755243564916835,11.95541183345199,1
-5.664844632596402,7.8448549275627455,1
-3.5254748439177854,6.821602389700111,1
-4.408678698261951,10.49057209239368,1
-5.379604032437683,5.813728702566715,1
-3.992536525300959,9.801774641299124,1
-4.799790061886112,7.9076796070681254,1
-6.2307521074267,9.441259119247437,1
-2.1077209889717037,10.4956807716492,1
-3.8024282996968894,8.914986783763148,1
-4.606123696993364,9.57714889183758,1
-2.4583086903539986,8.639436774491877,1
-3.83086289618196,10.102541948146275,1
-4.300337332166255,9.300207885876258,1
-2.8508034707463246,7.4804467411833695,1
-5.057903256022665,9.155669009336352,1
-3.5746967262387512,9.683889179306467,1
-1.8544279960807861,11.82243405295971,1
-3.4994733659840063,12.278271742985497,1
-3.9320386502812603,8.643556440549203,1
-1.817808591787787,9.886196199180015,1
-4.129286438073179,7.305546948569792,1
-4.5445751341641545,6.0405549398595895,1
-4.350506253951742,10.975058693929316,1
-2.114605263758527,8.573246017160628,1
-3.352630445412561,7.570321021657086,1
-3.6750948880608156,10.161813393132404,1
-4.5829935244212825,8.172223521418497,1
-2.779811230003718,10.538282625009787,1
-2.839558612950965,9.78853173717304,1
-4.692100135665319,9.017506408604934,1
-3.6411276925905907,7.268979097497628,1
-3.9983670491710352,7.395279967664139,1
-4.844728499764002,8.6374913600274,1
-3.354560905958716,9.058016182911812,1
-3.51982643084516,7.991024358937266,1
-3.6068246035154954,10.351449430818933,1
-4.590550396399887,11.011187844734536,1
-4.604037146576269,7.406930253410584,1
-4.186741941664554,12.963049008456984,1
-5.186060603690886,8.146156314038112,1
-5.171464200056416,10.582087152819977,1
-5.521088733226243,11.37087313094316,1
-3.193155400136815,7.998728172654443,1
-3.1749485722110196,9.68940491303602,1
-3.4103778317361693,7.244565729819217,1
-5.025203580332506,7.380178408763557,1
-4.395643751721157,8.838872431089055,1
-4.266071977194875,9.12027953219822,1
-4.916968667913977,11.126049836131719,1
-2.0096840596633356,10.490608053400264,1
-2.9293884861096875,6.454941248215851,1
-2.819826840308896,8.668479020687766,1
-4.452632918713368,7.813723282243865,1
-4.434137129989175,6.13766953433047,1
-3.4092760850905215,10.751071657032583,1
-4.180775254122757,7.943034634602242,1
-3.8885834519303266,9.259941410355614,1
-2.898894867510448,9.559173398527326,1
-5.321941778574904,8.872319982383019,1
-4.653043826446473,8.935332473601115,1
-3.9595203491005075,8.006214945274756,1
-3.4899737152467765,10.064754053561005,1
-2.6376523797872666,7.247464342492668,1
-4.292413107427433,8.730140489350585,1
-3.997453365332366,7.6302402613713625,1
-2.737705599770433,9.807712095799811,1
-5.062533227346317,9.807651508664225,1
-5.484394996092572,10.087444983182767,1
-4.794924799049019,7.292131906042486,1
-5.638816866789372,7.746300200312126,1
-4.217604062709392,9.805509307518859,1
-4.813318120765262,10.391270848543417,1
-2.019161721170709,7.253013358223215,1
-3.931925604277052,10.789231013552943,1
-4.244807241896457,7.845800589944594,1
-2.9127662099749556,8.317280408053055,1
-4.139948180368379,10.608191812573743,1
-3.524679085268113,13.614355342620602,1
-3.6310518464285173,8.520056830966663,1
-4.83299452135725,9.532373765665715,1
-3.578631644267091,10.124665377722197,1
-4.875773425606763,7.919341999501168,1
-4.0522117721980475,8.975601754185613,1
-2.9194361614914337,5.581692402859559,1
-4.007106216903659,7.157823832078316,1
-3.066389022595807,8.580166551336141,1
-2.395534283609417,8.068045298596543,1
-3.3327397217949093,9.602076862276133,1
-4.611249011893516,10.024100679770228,1
-4.900369117510468,11.03485540773978,1
-1.9467974880294054,9.256365261117466,1
-3.2174365602328674,9.719042629470728,1
-3.4171718701261486,9.382719704486872,1
-2.9312595837909976,8.616153143825823,1
-3.988775630703325,9.136197607867958,1
-3.535775669745591,8.13883221612558,1
-4.145676894238359,8.581636434312937,1
-2.9778229081722567,8.359492998463686,1
-4.630756688783772,8.426220996719328,1
-3.956733344651222,8.438562107991567,1
-4.115742434203703,9.448680785547499,1
-5.852083161696251,8.115582523123356,1
-4.7513359485032804,7.574528191203045,1
-5.343276489485522,11.999466732924837,1
-1.9390168886250425,9.050403536485,1
-2.5650096669838014,10.490154813114195,1
-5.564544586800135,10.652764096117126,1
-4.594335584311699,5.467270292450465,1
-5.249542852554592,9.424002421600067,1
-3.769658768309257,11.264529714935238,1
-3.597912819302312,9.948667501862593,1
-4.780591669264043,7.110081799606198,1
-3.967887812411109,10.482538098686675,1
-5.133259218814693,10.335404168022093,1
-3.9325770186723457,10.844126446335856,1
-1.7397866310216243,8.1429238661607,1
-2.7938820102379367,9.90890957345483,1
-3.797196042507188,9.539060800796177,1
-3.633695458131022,8.279230778556485,1
-3.239159067699412,8.00044685485566,1
-1.8935218674589334,9.953597194173922,1
-3.3257017156590742,9.064343821948738,1
-2.972817982822958,9.084704559506145,1
-1.9689046146257803,6.2780573111290865,1
-4.6705183816998534,10.36274501985487,1
-4.130420653617117,8.530010524127672,1
-2.6808885303172096,8.66859435876893,1
-3.575806041736012,6.823423066110967,1
-3.4776315570926646,9.945152662273372,1
-3.7192141577741418,6.282559920364463,1
-3.7190442356381928,9.453334156514195,1
-3.46253930959546,10.22931007421283,1
-3.5793665654663576,9.809551199776681,1
-4.987407528163535,6.515960669993186,1
-3.63476909090267,7.888294978148606,1
-5.259533883237809,9.176692444744024,1
-5.899511044057082,7.616303384574117,1
-2.8459296767285833,10.196190296701323,1
-4.65347164073174,9.249842130612555,1
-4.143287858414288,11.527744241477436,1
-4.811418504216397,8.29427300289175,1
-4.6619916918684945,10.584479345668717,1
-3.6429885805219087,9.474538001160976,1
-3.464293012519501,9.084685089007491,1
-4.682815738287593,11.209356253778411,1
-3.6559590582416446,9.482293852925904,1
-4.407922874976721,7.438186339621775,1
-4.679411915760656,7.877484338586955,1
-5.070333764168913,6.952218163859769,1
-5.353307606648028,9.47081542132112,1
-3.464157833515988,7.231268243964268,1
-4.436818811875549,8.024223094979076,1
-2.93154928909786,7.772400959186353,1
-0.9551563210303562,7.978947295182053,1
-5.6244343246989965,5.9693005120248355,1
-4.112002405010517,10.475303561407118,1
-4.179983227986617,5.798140848210799,1
-4.244778741019992,8.770278782392296,1
-4.857523716291826,8.777302856298823,1
-4.951045190062216,7.570459786633261,1
-3.9929418376748838,6.806128003132145,1
-5.012256300647209,9.348223064712196,1
-4.39563070830171,8.137171940458432,1
-3.1434961580911964,10.34081188254677,1
-4.571497457076498,8.345520043979558,1
-2.6805419969612987,11.741891752394922,1
-4.526184422909355,7.348267000973169,1
-4.692293817337457,11.5921690179804,1
-4.07754770640246,9.069483491921586,1
-3.7440259692774633,9.376209037817883,1
-3.9179515983048137,8.378630466143923,1
-3.170336476013062,8.35535674568427,1
-3.0176049119794426,8.888496172228752,1
-2.635292375651014,7.497124856256862,1
-5.5577485661041255,8.709059751200577,1
-4.225576670309779,9.286654943790884,1
-4.526580040799908,8.477503321699466,1
-4.486366650099048,8.517968372062358,1
-3.2308651533852695,9.703726588902317,1
-4.181856252273922,7.71709773689126,1
-4.259839754879576,7.964455923381767,1
-4.75812977489708,8.821001064779276,1
-2.484232394827985,9.89802371440741,1
-6.015734032629316,8.019330209864174,1
3.7382499295689726,5.25595343479975,0
4.903856328094799,4.491568771715571,0
3.9681059122245714,2.740323199414963,0
2.0902245797978978,3.2832714042801374,0
5.936593723868713,4.706685465491702,0
5.177087555153618,7.468187101983085,0
4.226162474580077,7.546901873891307,0
3.3451326077653536,4.514058914427039,0
4.931339250844781,6.051227215792278,0
5.2961185857549395,6.97389927732075,0
4.390699265667006,5.476376683651339,0
4.322955018285518,5.5257419459106005,0
4.03632330150396,5.614777468272761,0
2.9170983091893374,5.630637949154327,0
5.623147961125477,5.515887589029259,0
4.330268693704099,6.523854387287233,0
1.7815584019635509,6.482349441235388,0
6.149602726789983,5.897738712125772,0
3.619704347158005,5.506515396646346,0
3.2264383054288914,5.362851033935427,0
5.126808086788663,3.602683163390649,0
3.346332770961581,5.649739378218094,0
3.626754433648581,5.117742358687293,0
5.438237090771583,6.84981725853375,0
6.399341634841571,9.58709459595175,0
2.606877478099766,4.7700903353560555,0
2.877378765652889,6.185763764242795,0
3.4886124127537936,3.2432227588173346,0
3.9773067241367484,5.276326232247818,0
4.214932940263725,5.118884278015225,0
2.8353241877454316,4.939431922009796,0
3.3667636310854085,5.632668231021879,0
4.433090258266573,6.352066047591468,0
4.8940062452304405,5.989521827665231,0
3.7665260464314936,5.944920802413071,0
4.257645783141467,5.261923762149575,0
4.2512820195029,6.623975089031457,0
4.478302634079254,2.8108294716747526,0
3.458596382632506,6.620056973473107,0
3.5294731385729743,4.538581495048202,0
5.0019025499811445,7.481370605018844,0
5.048349919915168,7.915293778978679,0
2.2305411297548563,4.519177980318737,0
4.065482003275849,5.793396298533372,0
3.739752494551919,7.26508885014203,0
5.042594489849473,6.378369588385325,0
2.9902792128244684,5.378690114727688,0
5.229327096735335,5.7854324587467465,0
3.1236710891707387,6.191337940979572,0
5.841234926534002,6.780119647908276,0
3.486729378260837,5.655348774960826,0
4.8501011048979175,4.8468850086081305,0
5.032134104218583,6.287156411005178,0
4.277510382471053,7.4232396154099884,0
3.4037380050830484,4.635128983815559,0
4.006627817216307,6.922205236884133,0
3.9207642694256983,4.963615903514888,0
4.176996476755224,4.7461870251387825,0
3.6852067995159468,7.369410371665775,0
1.5617097825527217,5.918166032018215,0
5.6202919013335295,4.14366717880274,0
4.97209643842148,3.794122101251779,0
3.5761222423675494,6.389324480109764,0
3.100940849557396,6.032733683725149,0
4.42461544255212,5.346258022655977,0
4.4294702964810195,5.960856197333527,0
4.065765268173718,7.433213958421073,0
3.305523581360113,5.227608334389568,0
5.025565741430691,6.841998267912669,0
4.883461172183168,5.7748271492699565,0
4.620852220648714,5.659845942633695,0
3.794256892300945,5.443829446048132,0
2.7971108885854647,4.868742047557606,0
4.775404938804923,8.046948314950516,0
2.669568521114605,4.575526425161675,0
3.9676836157522626,5.327971791090389,0
5.078303985081845,6.93052996883853,0
4.514035711901443,6.097410130027792,0
4.892734534609053,5.477661212415747,0
4.816981703554493,5.326977814559579,0
4.346569791499873,5.162106290020374,0
3.67195934152996,5.683117478753737,0
4.339959713053549,6.870802911791396,0
5.045267569555671,6.155555860178152,0
4.665127545799866,4.96057297675752,0
2.665049019980125,6.777338360802943,0
3.9160494557513443,6.614086562808905,0
3.554103033992706,4.092306162958807,0
3.8272217279645586,5.880376997249475,0
4.925153847065256,4.775241284062073,0
2.530047926266202,2.6288334069541848,0
2.9687011540244943,8.550353348742686,0
3.03955574992834,4.221982128463669,0
4.685492240315096,4.854851687966196,0
4.8847182817938295,6.945613721570471,0
5.999749261915081,5.453815607439669,0
3.4977334547418626,8.121798028625816,0
4.299934461555293,6.560942771260638,0
4.6096404657390515,5.911517701631713,0
3.39096939627769,7.044123794891746,0
5.75846766077747,5.196252502732877,0
4.532678489732747,5.890725173146521,0
3.874984966048491,4.7876679537810745,0
4.00893604248015,6.462411575881253,0
3.9540823387363866,4.915082762495434,0
5.418832177724849,7.60688082892412,0
3.1387259250589676,4.830609944019007,0
4.1650902829382,6.986634372520583,0
2.2903970681356585,3.905384990189922,0
4.158325194132135,4.388463409239245,0
4.2967495643248474,5.522630149061641,0
3.3503728556372945,4.908081090613175,0
4.270178304600562,3.3367988523542746,0
3.262549066885615,7.243312775194775,0
3.4590539018991717,7.635432928161021,0
4.144238624016557,5.204796640024429,0
4.304198292337188,6.263508201334191,0
3.6086529170695685,7.849771926801607,0
2.7895378336818353,5.111739563580612,0
4.092368209021297,4.508480340166653,0
4.895244021132054,9.495779188226948,0
5.27887036628394,3.4790162975151557,0
2.887781083030644,5.495196678520758,0
4.42610943195751,6.860453628304328,0
5.6109588194408495,4.89859743254733,0
3.323700921069829,3.454926504358268,0
3.738986589660024,4.401292684114894,0
4.864809594994534,6.566680207321813,0
1.8857243892260067,4.752871309093799,0
3.1716080201371923,8.99951864975976,0
3.231293060586172,7.356461481742645,0
4.721655916360058,5.058400267741831,0
3.573319735943744,6.232247146440912,0
3.8214757831902744,6.454325120515993,0
4.248761527196948,7.420280369793058,0
3.8641021074264703,4.691951600750149,0
4.813646014364719,7.809875103501731,0
5.742508303544293,6.293716031293403,0
3.023348854586287,6.013339667162487,0
3.907165627759251,4.803627719590176,0
2.140775096765781,6.934547996826863,0
3.718527087496328,3.4239569912262597,0
5.267722223059904,8.266776796329005,0
3.2982246146266685,7.181132096781816,0
4.594784055521757,7.406074652631069,0
4.124440966782733,4.263844538518999,0
6.3684324146466915,6.183086850171127,0
5.483365293045208,5.352198803138919,0
5.042330165356153,7.28795444610241,0
3.3512268035773207,6.02592489609213,0
5.035660095387586,8.26899489421638,0
5.321365449173815,6.87850087090114,0
2.3067221165883875,6.48593944575818,0
3.9715769463755133,4.67054182443252,0
4.712757046596347,2.425895475908012,0
3.192465110238258,5.459067958868412,0
6.54977257658299,6.3729407870419434,0
4.628743506249295,5.20709310859124,0
5.868780156795607,7.846959077154912,0
4.052065270196976,7.286773675522196,0
2.779131720817035,4.35512076672191,0
3.760943898438419,5.979782559288198,0
4.8233770771167155,7.0083014307724,0
3.899100595066474,4.274821269665435,0
3.9910370452370625,6.158063382925878,0
4.5570509498099305,6.987813004760204,0
2.6549573755917653,3.246707651811634,0
3.5426316731057197,7.470705168361706,0
3.754639874399688,8.031525629936615,0
4.392560861687578,3.898669048978037,0
6.013180722751798,5.333174750779486,0
5.047778523310871,6.942701063448967,0
2.579713097215536,6.897808012463141,0
4.557775434460059,5.653216783770887,0
3.15769037638552,6.288197841212721,0
3.1240283660847012,6.719982311372324,0
6.234518556930404,5.637513792616611,0
5.2009545782394335,6.261099866264369,0
4.991202032907458,5.765721598086335,0
3.52712707106767,6.077125862181677,0
3.190704235574595,7.1461364523912305,0
3.472584363710203,4.6030119699937035,0
4.564500132386832,8.601351079419022,0
4.166468849590509,4.903107310467596,0
3.888933078824263,5.814161590995938,0
4.711533519240795,5.263867192963637,0
2.515600724030599,5.566537163895654,0
4.886156483654852,5.907052976966952,0
5.672837756289471,6.073911420626503,0
3.836541585965379,4.686713582678943,0
2.673939434530015,6.016971844084362,0
2.650174111117159,5.73305060040361,0
4.657722945592511,1.758637973626243,0
3.6924438653682152,7.263614991489339,0
5.13310071091325,6.223888297209428,0
5.030111676747468,10.227405624084575,0
3.804377289966581,7.053175985991759,0
3.371207125269808,5.311880323431818,0
4.36582510581691,4.548773204720148,0
4.2972869638541535,4.880274215277229,0
2.638018674082658,3.477655130346428,0
2.63141900234338,6.330157673366728,0
5.865369628127656,9.187973124947739,0
5.167472601797175,6.228410924406496,0
3.7482370521079726,5.864738001477858,0
3.9154706291549286,7.232853195895514,0
4.847657642451176,7.019004719831949,0
4.522630963815225,8.127509540824796,0
3.367131124400949,5.04008458531789,0
3.1135266424622134,7.265111489687651,0
4.496569300002684,8.066204898024177,0
3.4871191172959377,4.293761112616224,0
3.614106738993092,8.044797048959436,0
4.255881421884899,6.737847222259241,0
4.791120280185407,5.535393184795326,0
4.4612248458830805,4.4474530896783016,0
7.461205149800127,6.28363870111206,0
3.7148059091990686,5.417382956415077,0
3.521875469520892,5.961974897452841,0
3.0722083531102027,5.460124252156852,0
6.082731366527266,5.474630610489388,0
4.782859014066162,5.979849428339336,0
5.311091825775967,3.67146536398717,0
4.779416143409951,7.865459776282716,0
2.6697046829394733,6.992857301525447,0
3.0769504870966418,7.246918271687436,0
4.079321409571917,7.387986121729347,0
3.30885503922404,4.858350126923951,0
3.4260737811511586,3.105196967830757,0
3.013383147656148,5.301397199083056,0
3.6673169252073565,7.52049927558145,0
3.9461644893151697,6.262268610035787,0
3.3866758912390384,5.073219951077394,0
2.8951085600148323,6.583819674049658,0
4.178873525129281,4.384468875241563,0
1.7533312173040914,5.213704868648687,0
3.9597151933257893,5.71124360420408,0
4.063856591682249,6.238707092121041,0
5.251858677582663,4.104330057376609,0
2.5474546111519487,5.469983233483422,0
2.677399259810228,6.672381067832292,0
2.6516845055629115,6.423456101391265,0
3.1911914801963275,8.576718336655414,0
2.653462065334055,6.6794668422567085,0
5.0259173966536475,4.935450074381711,0
4.0711322800403975,6.085040073604205,0
3.360053086025351,6.5077351421488645,0
2.395821824964142,4.591396805491815,0
5.310095386360699,9.47629654922674,0
4.245889701305794,7.74830242336555,0
5.3466604352085945,3.5220621643409875,0
3.717565826485165,5.9392946200688685,0
3.2673213647395487,6.1725228557604215,0
2.371607248046483,6.019223976253929,0
4.141147146502061,7.335469924553774,0
4.718892312656594,6.835038969976927,0
5.209832321460855,6.581172630492259,0
5.6252055517430435,8.391382502708446,0
4.978747993574675,7.451789140920073,0
5.23609480774039,8.10899807491214,0
5.251024429296928,7.0407321694186145,0
5.0220679431947355,5.5459631963052045,0
3.083668721010687,5.978325513656496,0
1.8527553917688988,3.873526537023685,0
5.3987690103860695,7.492001296993244,0
4.202675566783812,3.0535234010074994,0
3.7858880913822586,8.380817398161815,0
3.443416714952821,3.725155074591642,0
4.005006776526677,5.202215226419305,0
3.984489180276463,7.072016307515597,0
3.71712535783314,3.2287972173233523,0
3.6314170091163254,7.22821533594182,0
4.747388725120204,5.279938455194748,0
3.446778869949144,3.6977069974682606,0
7.209139384973498,9.539989364185564,0
3.7844170029567037,5.29980708634601,0
3.110771513800173,8.055359550530703,0
4.450158146345523,4.8490214753798435,0
3.3336152871681906,6.491895842217448,0
3.6990415917891544,5.101626373474202,0
3.362022503516599,8.244581975876233,0
4.780904430460961,4.515321471644777,0
3.410305385422536,6.166425430843591,0
4.827145423637123,4.28563194496214,0
4.995043190939901,6.658758393227505,0
3.3464520739865566,6.7400010264360315,0
6.188518634578555,5.122999886218082,0
3.9508297149546956,6.580086001555451,0
3.4637022625174794,6.143207644999535,0
4.504979791987892,5.791753577413504,0
3.0687454290462037,6.1208657415122145,0
5.348283360846467,7.970050050763294,0
4.371958319832073,8.389885064437223,0
2.4773162305126877,3.9513510909214165,0
5.620119980262778,6.866184516096852,0
3.9164301760027613,3.6836240687576165,0
4.689445226007912,6.110874486409747,0
3.6948611889665264,3.977989983923819,0
2.705501761754402,9.102273826478491,0
4.51308336797024,5.540044757240334,0
2.9394301057129932,5.166328797484009,0
3.3522871579736275,5.857293232595458,0
3.998461610644754,5.465440479145376,0
3.3007185083821473,2.567157985776984,0
4.460150153405231,4.885279874330706,0
5.1244257214421784,6.726706806445523,0
3.9937875913181107,9.387406120171976,0
4.838953387206436,5.889004930156432,0
4.805263313963243,7.165301218622702,0
5.069672564651906,6.396487205119434,0
3.8430466547860465,5.980681659516128,0
5.045739771898668,5.318771403183767,0
3.7333901879321028,4.597801991410909,0
3.0919348241020104,6.64010497279781,0
4.77599372153837,5.789055707801975,0
3.8373190458042647,6.874075579653492,0
3.232207006895686,6.226375255632169,0
4.570919026590618,5.244082371694361,0
2.833223338565837,7.37203984538573,0
6.330452691273409,5.101973342511751,0
3.436402889431405,6.582774736897759,0
3.4676884262644325,4.160814128220967,0
3.9118129746998482,7.293184578440037,0
4.167242834248428,3.903084635326367,0
2.5040867288413486,4.707344342911332,0
4.701782642784896,4.327880533461049,0
3.8326362473810107,4.270666326324859,0
3.5004310866685904,6.435794411274249,0
1.2376880051560435,5.689255965548931,0
4.218770899665347,8.01085121260536,0
4.868646764104617,4.176527131694619,0
3.8011405105262774,3.549573401203725,0
4.434864938427384,4.965139181828311,0
3.685128664162343,6.801026242273608,0
4.129115677370286,5.864621038980089,0
4.650691115714347,6.344958295479321,0
2.1914377024382157,4.585481277494423,0
5.4518152388974945,6.3345652522477955,0
3.182514008401144,7.560565561549366,0
5.624103844849895,7.6969609523244005,0
3.3467603420244614,5.374084303652408,0
4.898979786989308,7.837724719210915,0
3.713868995027758,6.118881126945622,0
4.0928722768059025,5.208130245625926,0
4.360851502929489,9.049158024303532,0
3.6867949794409576,7.663903699162633,0
2.9196055123255915,1.8367631713461279,0
2.187042317813786,4.112992531940175,0
5.40178800546335,5.138572644540554,0
5.527208168992353,5.952779581899848,0
4.380777432749466,5.846927185623858,0
4.301940587069247,4.330452435997563,0
3.1999749262249164,5.843924833276808,0
5.529578968352809,6.069863238978648,0
3.1148641481091586,6.0616444758085635,0
3.2876240755729813,4.227502854982568,0
4.8999971240635425,6.238394172364551,0
3.8207544275906002,4.469968436811065,0
5.367318844060545,6.682281003091524,0
2.696283545943187,5.045082653193063,0
5.17505615431924,7.375768800628787,0
3.8494836878097853,4.191038234623122,0
5.947231724866281,5.290924755755431,0
5.774623586574982,6.663743437895431,0
4.570511938251546,5.803216386660754,0
4.7023883880911335,7.697632207790713,0
2.625066951178015,4.091179003314165,0
4.595610442784869,6.336853226557102,0
3.47929139157514,7.043547221213485,0
4.303285465504508,5.297116659823843,0
3.742619768623563,2.925032246515703,0
3.307563274154527,6.522467844044451,0
4.81564264621702,5.578036930677528,0
3.3387085384240285,7.520478493082907,0
4.243326124537184,5.355931704885615,0
1.4159789205275937,4.145843267483105,0
4.3040385365853915,8.442037904584286,0
3.1767943329767823,6.194796249823266,0
4.443274928064919,6.781268916059098,0
5.893460900879349,8.292079651994992,0
5.587325688050173,6.6717406386353355,0
2.238407766787474,4.405417846213155,0
4.0787999909178385,8.00115780611969,0
2.7423413122574325,3.3378050791404963,0
5.134278753977243,4.392043702826522,0
5.0550838495836725,5.387816976125354,0
4.717638446983499,6.990211527895712,0
4.696765604356594,8.448755289618969,0
5.150134263342702,4.498255070933496,0
3.283384027482252,6.058002322730115,0
3.983026584770761,6.863648932608771,0
2.959986691315761,6.761872744288345,0
5.30200009683481,4.159101774804991,0
3.7551209797043903,5.490711117785472,0
3.8876371844277604,3.591327859064391,0
3.4749149599428053,4.7584701022605405,0
4.710173579488198,5.095761587440399,0
3.7790574462039803,7.647215479104318,0
4.112559357511476,6.300690639696531,0
3.6794391476202035,7.564503290283008,0
4.795594823244821,6.643528592899392,0
3.5218478902444357,7.187284073394849,0
4.757037600221358,5.775500633611577,0
4.588195787735565,5.869866117624734,0
3.9846455277661463,8.659533259612466,0
5.384294156007591,7.5215034222226365,0
3.374610205883081,6.524455320584324,0
5.790628050810559,3.98241214478448,0
5.233325106871574,7.003110266729408,0
3.652484056522813,7.125903304754994,0
3.5456328232092815,2.3466730795716275,0
5.323623983402888,7.445437202081829,0
3.7562503814218227,6.803607524427881,0
3.622207146769049,3.8734640433891534,0
4.033671205441403,5.779110164015432,0
3.722484370837547,5.616169520635714,0
6.247672829448582,6.50903867967357,0
3.404596274209329,6.997744946898619,0
3.408193638130938,7.001217692894457,0
3.7148474561949616,4.143480685137484,0
4.397711810655557,6.790447198579664,0
3.1663757752429467,4.980172824239012,0
4.157410555116769,6.225107263621443,0
4.302384913016719,5.484541779061873,0
5.19660035414195,7.58859361707561,0
2.433744801271451,3.933965929442293,0
3.869639120618373,4.304775940510886,0
4.044083472560503,7.2833332913638085,0
6.0001221855336535,7.231167067547783,0
4.495226449076154,5.951458957646927,0
3.2868301007188734,6.907333961917276,0
4.567452059276218,5.509090550452241,0
4.564857682571553,5.639211720259073,0
4.682889431857451,7.593549142315364,0
4.166270552502587,6.902019675906399,0
2.773053826253699,5.998586668091122,0
4.434859224009657,4.788379067527743,0
2.900124827627282,5.457367844928593,0
5.328145957513993,5.290401751882636,0
2.0930494531677404,6.249671449959154,0
3.5878993905621117,4.790063389246869,0
2.9147570234690496,4.676743743469805,0
3.211135008759732,8.014692585412329,0
5.336875177934987,7.5182758474048885,0
5.672135015154463,4.447585088843464,0
2.195998815205912,7.001823951879041,0
5.356544280130081,7.665492579049437,0
4.60979625487713,6.694637321928025,0
3.6746402409078303,6.658896521543788,0
3.528815744529725,5.677067034641224,0
3.8608465684879865,6.1150803571948025,0
2.9823138624774304,5.594049092865177,0
3.397883528227379,5.2245068154786845,0
5.342895264217255,4.709757507413787,0
3.991177366523787,6.115959218168151,0
3.569497902881118,6.7277105991941974,0
4.463597003247826,4.9801187312437305,0
4.748116315548886,5.256612784470885,0
4.230780357269824,6.0285467479401085,0
5.122221680169076,4.487234054520957,0
3.807940368660738,6.681175189199617,0
3.13454763456791,7.7613255202648945,0
2.675472243191791,3.990381972627489,0
3.984857401616941,7.4092653053895345,0
4.744648102893634,6.008942579634217,0
4.502469017313684,7.544646257421469,0
5.022420813502952,4.882023863702786,0
3.387447180383517,6.219666663953589,0
4.351945655218294,7.312906137639094,0
1.6874068716878963,9.315122329734614,0
4.5096607922329905,8.9900219151198,0
5.2635750052003445,5.219453866465859,0
1.2748467429209942,8.425936089479134,0
4.869576568774516,4.901558166188019,0
3.8154414832104764,3.7595790826441298,0
4.559465878368341,5.576105518562142,0
3.137103440829653,6.118816143461172,0
3.840205398194116,4.407004389314656,0
3.310087246877745,5.513538727118828,0
2.7131626825764066,5.431520305993699,0
5.196779464951151,5.652556566513818,0
4.72411077941641,6.280437342058196,0
2.8708601277330374,5.579935926507389,0
3.1804346863373234,6.174703319203345,0
4.044012479106167,5.639904021295073,0
4.911365781419971,5.813037553860228,0
4.7227879654853915,4.898353987931333,0
4.469471932183112,3.047500567871485,0
1.974987848922825,4.5727092337156865,0
4.906510254773056,4.019277177303895,0
3.210332681858785,6.231451318571889,0
3.2656809882823272,6.318964902783408,0
3.2868861786684667,5.386190272613354,0
3.9622428749473193,5.633741793609794,0
3.7118296298486695,6.485665348814097,0
3.232109138565979,3.9137860164354112,0
4.003186306721456,6.387490621797711,0
3.5932059919709607,4.228080342897449,0
6.128960067221101,4.022504227232584,0
5.890210485082196,5.44262731627861,0
4.254753114902292,6.594904988776188,0
4.877746425698678,6.604971918417732,0
5.233582681809173,7.897719976098102,0
6.301180660976027,7.846383433907804,0
3.3873274064838492,4.6575812011752245,0
2.748123048406073,6.880486500009839,0
4.701727534857547,5.133873273131018,0
3.4320800189007037,6.2165537571630365,0
2.805148171958578,5.843608246113406,0
4.5726624900093835,6.478570231556517,0
6.946014813292644,9.496314265088092,0
4.150030082338449,6.277713558821491,0
3.7369096712894474,6.922725130392854,0
4.560254228897531,3.2214128820335,0
5.732792607297615,7.29083218848266,0
4.9351109826726764,6.47187999763133,0
4.242756832454941,6.528155681898754,0
2.8911417342854273,7.962238797539714,0
2.6364086314879773,8.16829538438749,0
3.3381189706492504,7.563856105925748,0
2.8941185610818354,7.2488418103734045,0
3.8290468587209174,5.711291966295294,0
3.5116040662372114,5.299435123502377,0
3.7372104619714097,6.078504326285551,0
5.55219531863925,7.710625308149987,0
4.482610159984934,7.6773633015719955,0
3.999510777091714,4.738586425048322,0
3.2545401896359376,7.399384255451793,0
3.8567157159993877,8.849444672446708,0
6.025813497218596,6.301483899242442,0
5.757250441545946,7.194755001554823,0
2.505757431174864,6.0852116377148135,0
5.499678560661109,5.063110815093013,0
4.9014697918353045,4.114207684488854,0
3.467619871997807,3.3588098062013856,0
2.4184954967209826,4.287582172030487,0
4.137836260743996,6.321494819758345,0
4.5393732647644205,9.715346178153633,0
2.626233680156556,5.281864778287509,0
4.0570704259645005,4.4013983019254255,0
3.323494664971847,6.17934800151405,0
5.472382816539808,4.274436343667824,0
5.630393331377907,5.295363000269436,0
5.008109104303855,6.525298967814083,0
5.935211660151287,8.678242895317897,0
1.9418242098615797,4.8327516604429,0
5.1703300417976426,8.03881930557646,0
3.1661483307100777,5.992099309860653,0
2.759546318245526,5.109545502689677,0
4.7419482379081845,5.3552209917222795,0
5.279215865901209,8.694598569030621,0
4.094854441014553,4.191735027164086,0
3.0130879865403557,5.349799377571381,0
3.3047311638946937,6.676352773596831,0
2.481090111531275,4.32696777137529,0
3.597457957525622,6.367315981386338,0
1.8733567625168344,3.9147545839032842,0
5.754918345007817,6.5402771482630335,0
3.204029793255998,6.939668514842739,0
5.415512407487751,7.004481379472888,0
3.208069862733419,4.8148529888656695,0
4.25947217197402,6.470570356593502,0
2.058680318288313,4.7582467286446475,0
4.774971454883475,4.362382272252023,0
2.87034733899587,5.626165371694496,0
2.588450234585058,7.110217565569777,0
4.287964337705574,6.270071364274044,0
2.665774404946961,5.624196520441283,0
2.41605930362954,5.4211958615860665,0
4.77910948542969,7.330222673173215,0
4.491727262181764,6.7625591044057725,0
3.4199727189730282,5.165290682730494,0
3.5531488200704726,6.271843418213608,0
3.8584532834213268,6.539403084030625,0
3.53623624340337,6.9009071343100095,0
2.9877515926421907,5.366215777931047,0
4.139231948133511,1.7684530991978615,0
6.073359155069074,6.713919940968114,0
4.360554037826135,6.891030905688681,0
3.211993833587862,6.734297611132303,0
3.4264285835504027,4.932944812604974,0
5.260429528903436,6.297847739567922,0
4.313495442118413,4.903700260272244,0
6.008218256998285,7.5430953464117785,0
4.438159545895175,7.034029413663783,0
2.3505459045046404,4.950607589345947,0
3.7854193405618353,5.170106423394775,0
5.578614668030694,6.057818948117276,0
2.7968134551631607,7.309242509528388,0
3.2833379453648988,6.53283993647858,0
4.962522893783063,4.725884841934429,0
2.9261493227013684,7.319924410335507,0
3.03931283038937,6.74264648379379,0
4.515255961377335,6.35593850130866,0
3.9882862307912887,6.31743952816208,0
1.6807742845517848,6.00948172733072,0
4.056974431016695,5.2114924357870684,0
3.346608329305348,4.535649757654758,0
5.283571822129538,6.794638309214951,0
4.651626725958988,4.235189775271643,0
4.262129505601181,4.381891176991884,0
3.4592450932335357,7.68951774758556,0
3.8303316475595452,6.402747390518553,0
5.304949267244052,4.669271056580775,0
2.6001939608363354,4.60437002675096,0
2.7686686364761983,5.479465103292028,0
1.9018394125717069,6.0374033657326045,0
4.124484599964764,3.8668486298684472,0
5.224612177335063,6.503752277866791,0
4.29460485932565,3.6216983645120178,0
4.577195085618348,5.733456889901294,0
6.361445818052655,7.033642061044444,0
3.2575485765306595,6.839044971693819,0
4.680686970538574,6.159490779647762,0
3.925861514526289,6.484698133455406,0
5.031299779872054,6.0851535285108245,0
2.6983016265079476,5.574613146379324,0
3.685874175178295,6.212046872966201,0
3.3630703813167413,5.531230363181171,0
2.2857775134711202,8.412001115827946,0
5.1685257515456655,4.636175217265825,0
4.977272951729582,4.086944173320327,0
4.294083926771388,3.975799396224627,0
3.3932832251584095,4.09336102579819,0
4.054675980501361,3.6613416558755243,0
4.444217664362526,6.551944787863755,0
3.8083804591666235,4.912661837420128,0
3.3425106459819522,5.949003513147283,0
2.197044286354191,3.761398817222204,0
2.1737330607453487,6.97414438715605,0
3.5463944168813013,7.974410872393735,0
3.4994298768636725,6.266990697569008,0
3.5256223259997217,6.994908835925586,0
2.6515024529048503,8.848124258987898,0
5.62184301432392,5.6625577909249305,0
5.374257218505694,5.741310159260369,0
4.131760686358089,8.74157971448393,0
6.202118375339729,6.19247693247657,0
2.9824725446106664,5.733777925218496,0
4.646208928696216,6.649355237936766,0
4.775680662766222,5.58328196875635,0
4.1865972124710416,3.9253621448128686,0
3.359357528679675,4.521753771487261,0
4.953265932703541,8.190610077140581,0
4.269324863407268,6.876717572535673,0
4.528282353860567,5.115469738989511,0
4.168385433456486,4.9711508280766825,0
5.199916906760629,6.545244680641396,0
5.300618604879443,5.1271355861509695,0
3.579506633697097,6.588449559551385,0
4.3347401521254545,6.111511971641106,0
3.789506416807958,5.272698618112594,0
3.8022740211556245,7.611378737957752,0
4.478837641501589,7.556661155354631,0
2.0786500590152013,6.00017042104543,0
2.3367448346039668,2.9645917979099603,0
3.0866452663230057,8.484493639075666,0
5.335680566519085,6.808507302913118,0
4.306472443143526,3.882704066631218,0
4.473141215214982,5.801802906730364,0
4.041964598443148,7.481807151341579,0
2.8008452517204554,5.201638683878485,0
3.7408556780411226,3.7203463636838565,0
2.8662695902902864,7.80986087508648,0
2.46330001230639,5.099214354229128,0
4.787323996498733,6.2544409919556605,0
5.483761699671484,6.132940332169471,0
4.047956746814726,4.441725189906146,0
5.198975483712921,6.5437034557025004,0
3.5739330592645864,7.932399261653486,0
4.498929077193606,6.398718107430628,0
3.937762955395177,5.203654715134783,0
3.3183954707916343,6.4271032679481825,0
4.304324315356995,7.1911152076488944,0
2.6303278479151944,5.474583393257019,0
0.5702723875434494,6.814260698739079,0
4.383260384419185,7.782647959268943,0
4.980675225542633,6.54719167901253,0
3.1792796558087244,4.512541125327582,0
3.1676351545109984,6.904507274946454,0
3.5576103354302577,6.332791136040344,0
1.489518201913722,3.253251563030195,0
4.606635762434604,5.0089451220885595,0
3.4185477226948073,6.199931928013947,0
4.13642134886897,6.4319814824414125,0
3.2556685667780263,7.323325654778446,0
2.6020035399113857,5.333366299535545,0
2.7798681580942937,5.273423971467629,0
4.8039117752196745,5.024275158766891,0
3.7803042592933824,7.489519581719204,0
4.506537826675361,5.953674030045742,0
4.285388613374534,6.166688083326119,0
3.424963970708066,7.7359633784474,0
5.653779185424951,8.695295541314186,0
4.578548987534079,4.473950478705909,0
4.849166489777639,5.7022687210105945,0
2.3179426733552906,6.972343792347472,0
3.859775861207746,5.29849476223394,0
3.65285259571294,5.642897922372138,0
4.431539369935194,6.958582227191407,0
4.961250005282967,0.7359698350108472,1
7.300041006167176,0.6959146459655428,1
5.723968310331123,0.8213632186377169,1
5.1321153206907555,0.9238998982503492,1
8.245878416032784,2.8844534965520285,1
6.1100763315202,0.916403165930753,1
7.91152115217287,0.784611750121174,1
6.114828195306741,4.20026657304213,1
6.205565692756913,2.012450508269845,1
5.336835390262006,0.9538135533801733,1
6.60082464171783,0.872345251269371,1
5.127685289308594,0.5546082378540425,1
5.981529323313373,1.927862526471666,1
6.171092937075599,2.850454975899352,1
5.539473685448379,-0.026683097212625295,1
6.805191647193142,0.1835326510005768,1
5.33611283970258,2.6052767515163753,1
6.240454737900159,3.1076572718100213,1
6.700253896121143,1.7449155170835917,1
6.038920289102584,1.2489347703976728,1
5.110018852039502,2.968777433790571,1
6.230293341852705,1.410514027905907,1
6.127661450070749,1.2156285470162378,1
6.359693696888129,2.6575776314095347,1
4.408248066861326,0.10244098423731218,1
5.23091244528196,0.5710005442399888,1
4.950235208981458,3.9413542843255,1
5.481901248874482,3.799599378045801,1
5.9943431563679095,-1.2198304811166314,1
6.302828777601823,3.997583154422201,1
6.77381344732315,0.8419918846255419,1
6.268291457601649,0.7872268348885612,1
4.005153904529438,0.9572804178755205,1
5.452092276351869,4.0547812811473065,1
4.831575556216219,2.0728083190258597,1
5.219210439093421,3.287859271437112,1
6.360948397979785,2.6063173162183313,1
5.401244841219793,2.817206835692991,1
6.0238365909343345,1.0604138752884207,1
5.553454077500771,2.867423070122819,1
7.452819905067201,0.0236291352579181,1
6.760090513936792,2.3771109422960723,1
6.869586264539448,-0.07562239655611336,1
6.363053923962113,4.129736440979009,1
7.5105810464990626,1.3929210819983666,1
5.942734623626444,3.057564618762896,1
6.345625052441407,2.1584676379212517,1
7.047272020598677,0.8899728177194441,1
5.843599490677111,0.07285464498872773,1
5.684093535671195,-0.12925698278178954,1
8.008404957258994,1.467918712547894,1
6.088782868682928,1.5150673314627183,1
6.205786332543319,2.214990359266655,1
6.1766006533974425,1.0882672701929197,1
3.986550300267535,5.516001271597402,1
5.081442980697312,2.059975819087901,1
5.665022432172558,2.5359472815734256,1
6.774745282302797,1.213604472553698,1
5.570474875816443,1.9832308986997387,1
7.475239050072283,2.8389673874353907,1
6.412513712743212,1.191108585810381,1
5.432339299464483,1.41835084555273,1
5.531046020567985,2.266154411820723,1
5.627429613577164,0.9686905492126896,1
4.6312724276629735,2.6033588347987395,1
5.35746720780857,4.06878151989665,1
5.1340609542553555,2.323254145665198,1
4.983031630705359,3.4521072437133764,1
6.198769027099203,1.7972296562779264,1
5.7259041384095735,-0.04584064415266864,1
5.539335104179264,0.6226805447312969,1
6.623977842739283,1.8332932693112725,1
7.058123805220765,0.808748343451416,1
7.903239302380288,1.629357635797832,1
6.461590231484993,0.6073394836118751,1
7.121228762848251,4.072407972291574,1
7.204760055778472,2.757685602128958,1
5.155792644402105,2.626532939976957,1
4.963179152814694,3.6302424004901424,1
5.23958840050601,2.92707299061908,1
5.870135682333852,2.180460570618987,1
5.805975446312722,0.8768630247515812,1
5.909923735067344,1.7084731615873214,1
6.965011118732429,4.844923559111727,1
5.538625512177807,4.545350614213049,1
6.234519181242378,2.424199160435067,1
4.497082312662588,1.0128945588529117,1
5.772059410820414,1.4298740120280558,1
4.987406770641421,2.245512993737985,1
8.049458185592886,2.4037213168996505,1
4.985455920937088,1.5245446702413437,1
6.059419070186711,2.0924078748783392,1
6.022391480168266,2.5162924983838706,1
7.2805964564279355,1.001916063998545,1
6.3117881459384995,3.399482941203792,1
5.526101052496731,4.401149917909208,1
4.866794930990559,0.9871645173506918,1
4.492611657411581,0.5515861383343321,1
7.405327518071498,3.937946327415129,1
5.277993019705191,2.7833943248441795,1
7.9776261235703805,-0.6043383256383521,1
4.091430462769815,0.5567164886839966,1
6.370223594553219,-0.047109021777486326,1
5.841344186118074,2.6414761582121824,1
6.667299212881554,3.119964646571738,1
4.956302000402408,3.1953977357966776,1
7.801974227297722,2.3573241999335885,1
6.10431156226429,1.9847934481351475,1
5.182593411726304,1.4890073219459796,1
5.790459959693281,2.6745566137423276,1
5.5429287723874,3.0172034994673753,1
7.179613876514964,0.7500321589552403,1
7.2577372517439915,-0.14666183454597537,1
6.181205093869913,4.063498271635233,1
6.61876386690314,2.17645730790016,1
6.002415488410931,4.789846259492949,1
4.8646140815376055,3.538831860043775,1
6.975823288485692,4.089510541570914,1
6.343734686097661,2.4133739194136923,1
6.360940028124512,3.3762619163835748,1
8.068671087940231,2.764342883572557,1
4.938590923340578,1.2332053952556157,1
6.792369126746727,1.0480882862840892,1
6.7766702935772285,1.8994125908501673,1
6.0988202193239704,2.363996422430402,1
5.344807138922609,1.8362560372109569,1
5.414386604409569,3.6805478602703463,1
4.995012014908084,1.8110103576401804,1
6.715545437331863,3.0732485452779015,1
6.748490168576273,3.585746462943919,1
4.378176111266796,-0.24240963784064462,1
6.902576677585814,2.2594103822885723,1
6.523034785188877,1.6619643709667842,1
7.211843657181912,2.6710219409562796,1
7.239310639089567,1.6740515626401344,1
6.400443505280397,1.0496133456875731,1
5.425889078733804,4.710808957696967,1
4.484337407058158,2.6337350910139286,1
5.496181615755193,2.187107930676391,1
4.608798608795829,2.2209246996444096,1
5.740772290049896,1.16154963098534,1
6.1529105939346485,1.4675074100976184,1
4.8952039810136885,4.413703848187312,1
7.073651134533632,0.9509524977739663,1
5.1753415159784355,-0.7932893989099155,1
5.314854024735986,1.617597829044646,1
5.499915219792989,0.9861073309726154,1
6.771070441197522,0.1908610234203143,1
6.7686778212269525,0.6111819944143315,1
5.669505928154125,2.430115408907899,1
5.133431450336292,3.1195965083884682,1
6.46820871603707,0.7387839176442952,1
6.875229633327833,3.3004756797679216,1
4.3950553281221545,2.949731829996561,1
6.31530432691959,3.597894575406138,1
6.957927703644978,1.2109707333074553,1
6.213468194470188,0.4989611890748218,1
5.6144070930438215,2.7072727110707704,1
5.965345889665747,2.638827391501196,1
7.294500467296991,3.789388947709156,1
6.059667352280027,3.823871142613049,1
6.705589513650155,-0.15257482257799948,1
6.260854113591923,4.36744609357118,1
4.823989970746306,3.7384412408093852,1
4.058869861756865,2.910932821930388,1
6.948893095588741,-1.0522031031589543,1
6.371344547168087,0.8853320008965921,1
6.370491631211282,4.8628258207173545,1
7.020164649256827,2.5607267129394695,1
6.642956533779989,1.2373208498565753,1
7.022255789113774,1.12193286066887,1
6.579335586616814,2.0701122170525323,1
7.397998898389051,0.9327448840039323,1
7.612448252653916,0.6173096744637485,1
5.425963879016844,0.9076823009234343,1
5.60130683393709,-0.5963448553461381,1
6.017724051414558,3.787362077717949,1
6.839969127677406,1.5076672039528523,1
6.062152971452863,2.0122097056969834,1
7.4167231216789675,4.058437578263364,1
7.3578369611012695,2.821135459107727,1
5.4973818655972,2.0406493861082753,1
6.169002635479622,3.179872154373996,1
5.99493329229575,3.753572098265875,1
4.316333223845636,1.3704829804381138,1
6.318403561546669,3.8162307384748115,1
7.073227078300545,-1.094819718626102,1
5.564897052155548,2.0759913451423957,1
7.33712353239551,3.851435868254484,1
5.8951857132612435,-0.6642134125971695,1
6.0781578100935,2.6072804896997956,1
5.513328484399882,2.8820566503827245,1
4.527852456422126,3.454515148891013,1
6.805445901430488,0.7073829796552442,1
7.083745742173638,0.9336151963290287,1
6.427454823699464,1.2690213017472218,1
6.315395541082528,1.4466942297447734,1
6.335859442734853,2.6019734286904748,1
6.523816403614233,0.6361090687321749,1
5.629951587190142,1.7270848119730817,1
5.489950048922031,2.2099253049124896,1
7.126104313758541,0.39311391827812225,1
5.347519095818564,2.7272862132600566,1
6.9395377943481185,3.7705508189576036,1
5.459487192030273,1.6970430541881072,1
7.535595861036208,1.505476180351423,1
5.081353099822427,4.753194509515405,1
5.52845511309603,4.198574898238881,1
5.214616100103209,3.4211456187492684,1
6.189613688482608,1.2614017298265514,1
6.410230919370824,3.605492552533613,1
5.404574899864791,2.738307622550338,1
6.012878662810135,0.7375136174598123,1
5.964155213350411,2.3081836828111473,1
6.8803145794419995,0.6658051845422908,1
7.2299420569704065,1.3299740719496131,1
5.63041732918254,1.4808395623336916,1
6.3603850813806595,1.8683925304733273,1
6.418037012815713,2.427639129036925,1
4.962711316210347,5.635976896621242,1
4.93109936174439,3.8737170397696943,1
6.362691494300075,1.5504629341808793,1
4.586864116593525,2.9788026818754707,1
7.22059999094558,1.0154063906498816,1
4.412951758841436,2.0300139913593442,1
5.197395286842283,1.0091993300387796,1
5.585087507108023,2.0826579875991023,1
5.1514684472550485,3.7929127225367636,1
3.126667379639554,3.7174579926181224,1
3.744870875276448,3.5300181082208,1
7.161910312640372,1.8402595054547017,1
5.167522075479283,4.194590046347425,1
5.819563682830228,0.8945571213436692,1
5.912301723618877,2.161937840929724,1
5.718513806753439,1.4819191831568763,1
6.485017162753894,2.0759683539838063,1
5.533573213569066,-1.2050790840010301,1
4.009428266414261,-0.4861778769810665,1
6.732461885987834,2.6432804364774505,1
6.484908712937947,1.091814513136828,1
8.008482040382802,3.5965335638554583,1
5.559130244405638,0.3833679559020835,1
5.982072419942768,1.5702552498193965,1
6.890744516815901,-0.3647910331955493,1
4.458716851576559,3.3860820022112303,1
6.337052433084016,4.278434244377243,1
6.1743760668174215,2.884951096149612,1
7.151995123331821,0.3596827656878967,1
5.487261539747611,1.3381801261566304,1
6.055339245120018,2.5725739889361585,1
5.5210721360472075,-1.1337168621021818,1
6.485097369454225,-0.12465417738983531,1
6.00380216983703,4.150922353580515,1
7.043116961028561,2.586945301990649,1
6.99327793111556,0.4307288589885623,1
6.395611424345771,2.617119669112857,1
4.9379752324900785,3.202213303984486,1
5.130335870130664,0.38893552291756883,1
6.948965803731215,2.8109335493632113,1
6.083701270599374,2.1145648290396157,1
5.86228342979977,2.7607228501233667,1
5.505199711562913,3.7396164624347565,1
6.211400532995723,1.1551963320574017,1
7.013112213789986,1.7997042461083008,1
4.8042123453196695,3.4784904572895656,1
4.939585693130251,2.7392301352637114,1
6.599440166541631,0.6463390555081963,1
5.096826698052024,2.5997622136099854,1
6.517069541959046,2.79742559060028,1
6.033180127241698,3.419301418132728,1
6.1271188437099875,0.9741966400924318,1
7.209698014856566,2.53373093230055,1
7.512943683832303,4.899530442370782,1
8.377773920193127,2.2837606388782072,1
5.199577362886531,3.0716716351857913,1
7.270881324775917,0.727339851999685,1
5.957326675668577,3.352954784061394,1
7.106670966458311,-0.34763670449325756,1
4.966338726498108,2.686548708835709,1
6.618054062469623,3.2148961400367924,1
5.8872158339854135,2.930137360538976,1
3.86091071494735,1.9340149044044597,1
6.263814912515175,4.479621112616915,1
6.8883736920852705,1.9365538267987392,1
6.366109371235172,0.9626950053598602,1
7.140648373884603,2.4226777810283604,1
6.921439578142833,-0.4038359362129249,1
6.184611095644802,2.5151701503501274,1
7.754990340437124,1.0541595288176318,1
8.612388850397611,-0.9479799613250122,1
5.984739551025886,0.662066836914921,1
5.120586425218066,0.034101650121546756,1
5.614433491007699,3.5843796151091234,1
6.152100959705669,1.1719596831935304,1
5.689133373414041,4.097585584369492,1
7.38649395889809,2.5984014752304705,1
5.1198787958543415,2.7305966327918814,1
7.424200484059722,1.7749311657387603,1
6.670739873340925,0.3357007874150002,1
4.169066483810722,1.6487430308327615,1
